{"stats":{"minecraft:mined":{"minecraft:spruce_planks":16,"minecraft:white_bed":72,"minecraft:farmland":38,"minecraft:cobblestone_stairs":1,"minecraft:brewing_stand":2,"minecraft:obsidian":21,"minecraft:spruce_trapdoor":11,"minecraft:granite":12,"minecraft:budding_amethyst":1,"minecraft:chiseled_polished_blackstone":1,"minecraft:grass_block":457,"minecraft:cracked_polished_blackstone_bricks":14,"minecraft:composter":2,"minecraft:gilded_blackstone":1,"minecraft:spawner":2,"minecraft:polished_blackstone_bricks":65,"minecraft:weeping_vines_plant":1,"minecraft:magma_block":6,"minecraft:iron_ore":92,"minecraft:fire":42,"minecraft:fletching_table":10,"minecraft:deepslate_lapis_ore":12,"minecraft:water_cauldron":4,"minecraft:dirt_path":57,"minecraft:oak_stairs":4,"minecraft:spruce_slab":2,"minecraft:deepslate_redstone_ore":7,"minecraft:red_bed":5,"minecraft:blackstone":384,"minecraft:smoker":2,"minecraft:soul_fire":7,"minecraft:torch":22,"minecraft:calcite":2,"minecraft:poppy":3,"minecraft:chest":6,"minecraft:nether_quartz_ore":1639,"minecraft:cobblestone":27,"minecraft:oak_planks":16,"minecraft:sugar_cane":33,"minecraft:wall_torch":40,"minecraft:birch_log":3,"minecraft:wheat":8,"minecraft:stripped_oak_wood":1,"minecraft:grass":191,"minecraft:oak_log":240,"minecraft:dirt":1570,"minecraft:stonecutter":3,"minecraft:netherrack":21568,"minecraft:ancient_debris":41,"minecraft:oak_leaves":11,"minecraft:deepslate":175,"minecraft:nether_gold_ore":31,"minecraft:diamond_ore":3,"minecraft:tuff":27,"minecraft:deepslate_diamond_ore":34,"minecraft:ladder":9,"minecraft:spruce_fence":6,"minecraft:spruce_leaves":308,"minecraft:cartography_table":1,"minecraft:large_fern":20,"minecraft:hay_block":33,"minecraft:redstone_ore":3,"minecraft:oak_trapdoor":5,"minecraft:furnace":40,"minecraft:carrots":371,"minecraft:polished_basalt":4,"minecraft:snow":129,"minecraft:andesite":83,"minecraft:stripped_spruce_log":1,"minecraft:gold_block":1,"minecraft:bell":2,"minecraft:bookshelf":8,"minecraft:potatoes":122,"minecraft:deepslate_iron_ore":86,"minecraft:stripped_oak_log":32,"minecraft:stone":820,"minecraft:bone_block":110,"minecraft:white_wool":21,"minecraft:oak_slab":17,"minecraft:snow_block":4,"minecraft:basalt":393,"minecraft:dandelion":4,"minecraft:oak_fence":3,"minecraft:crafting_table":19,"minecraft:lectern":653,"minecraft:copper_ore":5,"minecraft:tall_grass":27,"minecraft:deepslate_gold_ore":24,"minecraft:polished_blackstone_brick_stairs":1,"minecraft:diorite":107,"minecraft:blue_bed":17,"minecraft:stripped_spruce_wood":4,"minecraft:ice":11,"minecraft:spruce_log":2449,"minecraft:yellow_bed":23,"minecraft:coal_ore":57,"minecraft:gravel":444,"minecraft:spruce_fence_gate":1,"minecraft:chipped_anvil":1,"minecraft:fern":4},"minecraft:used":{"minecraft:iron_shovel":1674,"minecraft:spruce_slab":2,"minecraft:ladder":13,"minecraft:poppy":1,"minecraft:chest":15,"minecraft:shield":32,"minecraft:bell":4,"minecraft:iron_chestplate":1,"minecraft:mutton":10,"minecraft:carrot":643,"minecraft:tuff":24,"minecraft:obsidian":15,"minecraft:lava_bucket":6,"minecraft:iron_helmet":1,"minecraft:furnace":36,"minecraft:potato":104,"minecraft:diorite":12,"minecraft:diamond_boots":2,"minecraft:blackstone":40,"minecraft:oak_planks":174,"minecraft:stone_pickaxe":135,"minecraft:wooden_pickaxe":11,"minecraft:composter":1,"minecraft:sugar_cane":38,"minecraft:blue_bed":17,"minecraft:diamond_axe":2219,"minecraft:bread":99,"minecraft:lectern":656,"minecraft:gravel":160,"minecraft:andesite":1,"minecraft:oak_boat":4,"minecraft:bone_meal":114,"minecraft:oak_trapdoor":5,"minecraft:flint_and_steel":1,"minecraft:spruce_planks":136,"minecraft:stone_hoe":73,"minecraft:netherrack":1215,"minecraft:torch":151,"minecraft:brewing_stand":1,"minecraft:dirt":1047,"minecraft:anvil":1,"minecraft:ancient_debris":1,"minecraft:diamond_helmet":2,"minecraft:granite":2,"minecraft:spruce_fence":8,"minecraft:iron_hoe":323,"minecraft:wooden_axe":25,"minecraft:chipped_anvil":1,"minecraft:bookshelf":4,"minecraft:iron_axe":1980,"minecraft:oak_stairs":3,"minecraft:iron_boots":2,"minecraft:diamond_chestplate":1,"minecraft:cooked_beef":55,"minecraft:cobbled_deepslate":12,"minecraft:iron_leggings":2,"minecraft:wheat_seeds":15,"minecraft:cooked_mutton":30,"minecraft:water_bucket":103,"minecraft:birch_boat":3,"minecraft:fletching_table":13,"minecraft:stonecutter":2,"minecraft:spruce_fence_gate":4,"minecraft:oak_slab":25,"minecraft:crafting_table":24,"minecraft:red_bed":5,"minecraft:white_bed":86,"minecraft:spruce_log":108,"minecraft:wooden_hoe":22,"minecraft:diamond_pickaxe":24849,"minecraft:diamond_shovel":959,"minecraft:cracked_polished_blackstone_bricks":2,"minecraft:iron_pickaxe":1051,"minecraft:spruce_trapdoor":25,"minecraft:stone_axe":64,"minecraft:cobblestone":110,"minecraft:porkchop":1,"minecraft:cooked_porkchop":14,"minecraft:bucket":112,"minecraft:yellow_bed":23,"minecraft:dandelion":1,"minecraft:diamond_leggings":1},"minecraft:custom":{"minecraft:interact_with_crafting_table":120,"minecraft:bell_ring":103,"minecraft:leave_game":7,"minecraft:time_since_death":548065,"minecraft:sprint_one_cm":3131438,"minecraft:damage_blocked_by_shield":980,"minecraft:drop":298,"minecraft:talked_to_villager":1017,"minecraft:play_time":772129,"minecraft:deaths":3,"minecraft:jump":17528,"minecraft:walk_on_water_one_cm":64226,"minecraft:interact_with_furnace":96,"minecraft:traded_with_villager":639,"minecraft:sleep_in_bed":17,"minecraft:damage_dealt":52803,"minecraft:crouch_one_cm":97401,"minecraft:interact_with_smoker":1,"minecraft:interact_with_anvil":26,"minecraft:mob_kills":282,"minecraft:climb_one_cm":22718,"minecraft:walk_one_cm":2407178,"minecraft:raid_win":2,"minecraft:sneak_time":20958,"minecraft:walk_under_water_one_cm":42357,"minecraft:boat_one_cm":137475,"minecraft:total_world_time":772129,"minecraft:raid_trigger":2,"minecraft:time_since_rest":120294,"minecraft:damage_taken":6722,"minecraft:swim_one_cm":234088,"minecraft:fly_one_cm":3839255,"minecraft:open_chest":467,"minecraft:fall_one_cm":446804},"minecraft:broken":{"minecraft:iron_shovel":6,"minecraft:iron_axe":7,"minecraft:iron_pickaxe":3},"minecraft:picked_up":{"minecraft:wooden_axe":1,"minecraft:iron_chestplate":5,"minecraft:wheat":3,"minecraft:oak_stairs":6,"minecraft:enchanted_book":3,"minecraft:brewing_stand":2,"minecraft:polished_blackstone_brick_stairs":1,"minecraft:string":33,"minecraft:raw_copper":46,"minecraft:iron_leggings":5,"minecraft:gold_nugget":129,"minecraft:cobbled_deepslate":46,"minecraft:bucket":4,"minecraft:spruce_planks":128,"minecraft:calcite":4,"minecraft:iron_pickaxe":3,"minecraft:furnace":41,"minecraft:iron_boots":5,"minecraft:tipped_arrow":5,"minecraft:stick":192,"minecraft:composter":3,"minecraft:oak_fence":9,"minecraft:torch":116,"minecraft:porkchop":43,"minecraft:diorite":107,"minecraft:cauldron":8,"minecraft:rotten_flesh":69,"minecraft:obsidian":25,"minecraft:snowball":347,"minecraft:cobblestone":1275,"minecraft:birch_log":3,"minecraft:magma_block":4,"minecraft:feather":3,"minecraft:cooked_beef":24,"minecraft:water_bucket":1,"minecraft:andesite":113,"minecraft:smoker":1,"minecraft:potato":349,"minecraft:flint":42,"minecraft:tuff":24,"minecraft:stripped_spruce_wood":4,"minecraft:lapis_lazuli":205,"minecraft:dirt":2658,"minecraft:name_tag":2,"minecraft:bone":39,"minecraft:chipped_anvil":1,"minecraft:stonecutter":5,"minecraft:bow":3,"minecraft:wheat_seeds":74,"minecraft:raw_gold":48,"minecraft:bell":4,"minecraft:fletching_table":10,"minecraft:diamond_helmet":3,"minecraft:oak_planks":18,"minecraft:chiseled_polished_blackstone":1,"minecraft:cooked_porkchop":27,"minecraft:music_disc_13":2,"minecraft:stripped_spruce_log":4,"minecraft:grass_block":1,"minecraft:iron_hoe":1,"minecraft:spruce_fence_gate":1,"minecraft:diamond":66,"minecraft:cracked_polished_blackstone_bricks":10,"minecraft:crossbow":2,"minecraft:granite":21,"minecraft:golden_apple":2,"minecraft:emerald":38,"minecraft:bread":46,"minecraft:oak_sapling":1,"minecraft:netherrack":2971,"minecraft:diamond_pickaxe":2,"minecraft:crafting_table":20,"minecraft:chicken":3,"minecraft:ladder":11,"minecraft:brown_mushroom":1,"minecraft:gold_block":1,"minecraft:shield":2,"minecraft:oak_trapdoor":5,"minecraft:red_bed":5,"minecraft:iron_axe":5,"minecraft:iron_shovel":3,"minecraft:blackstone":192,"minecraft:beef":110,"minecraft:oak_boat":5,"minecraft:light_gray_wool":1,"minecraft:poppy":16,"minecraft:spruce_slab":12,"minecraft:lectern":656,"minecraft:sugar_cane":95,"minecraft:chest":5,"minecraft:spruce_trapdoor":12,"minecraft:egg":4,"minecraft:raw_iron":249,"minecraft:oak_door":1,"minecraft:spruce_fence":6,"minecraft:polished_blackstone_bricks":43,"minecraft:carrot":1412,"minecraft:redstone":171,"minecraft:arrow":105,"minecraft:hay_block":33,"minecraft:saddle":3,"minecraft:gold_ingot":60,"minecraft:mutton":65,"minecraft:bone_block":109,"minecraft:rail":3,"minecraft:white_wool":94,"minecraft:stripped_oak_log":31,"minecraft:glow_ink_sac":6,"minecraft:leather":79,"minecraft:red_mushroom":1,"minecraft:birch_planks":3,"minecraft:oak_log":238,"minecraft:ancient_debris":73,"minecraft:yellow_bed":23,"minecraft:gunpowder":12,"minecraft:cobblestone_stairs":1,"minecraft:blue_bed":17,"minecraft:paper":12,"minecraft:white_banner":10,"minecraft:cooked_mutton":34,"minecraft:iron_ingot":69,"minecraft:stone_pickaxe":3,"minecraft:stripped_oak_wood":1,"minecraft:glass_bottle":1,"minecraft:book":33,"minecraft:oak_slab":31,"minecraft:birch_boat":3,"minecraft:quartz":1745,"minecraft:dandelion":17,"minecraft:gravel":390,"minecraft:spruce_sapling":83,"minecraft:white_bed":72,"minecraft:spruce_log":2367,"minecraft:spider_eye":7,"minecraft:iron_helmet":4,"minecraft:melon_seeds":4,"minecraft:coal":206,"minecraft:ender_pearl":3},"minecraft:killed_by":{"minecraft:skeleton":1},"minecraft:crafted":{"minecraft:oak_planks":1040,"minecraft:birch_boat":1,"minecraft:diamond_shovel":1,"minecraft:bookshelf":8,"minecraft:cooked_mutton":34,"minecraft:quartz_block":373,"minecraft:diamond_helmet":2,"minecraft:diamond_leggings":1,"minecraft:iron_boots":1,"minecraft:chest":10,"minecraft:stone_hoe":1,"minecraft:oak_slab":36,"minecraft:emerald":613,"minecraft:cooked_porkchop":8,"minecraft:diamond_axe":1,"minecraft:crafting_table":6,"minecraft:spruce_planks":8731,"minecraft:wooden_pickaxe":1,"minecraft:iron_helmet":1,"minecraft:fletching_table":4,"minecraft:birch_planks":12,"minecraft:spruce_trapdoor":14,"minecraft:lectern":4,"minecraft:wooden_hoe":1,"minecraft:iron_chestplate":1,"minecraft:book":6,"minecraft:paper":18,"minecraft:diamond_pickaxe":1,"minecraft:shield":1,"minecraft:stick":18736,"minecraft:iron_ingot":147,"minecraft:iron_pickaxe":5,"minecraft:iron_block":3,"minecraft:gold_ingot":24,"minecraft:spruce_fence_gate":3,"minecraft:furnace":4,"minecraft:bone_meal":192,"minecraft:spruce_fence":6,"minecraft:oak_trapdoor":2,"minecraft:flint_and_steel":1,"minecraft:iron_axe":10,"minecraft:ladder":6,"minecraft:spruce_slab":12,"minecraft:iron_hoe":2,"minecraft:stone_pickaxe":2,"minecraft:diamond_boots":1,"minecraft:wheat":297,"minecraft:cooked_beef":36,"minecraft:diamond_sword":1,"minecraft:bucket":4,"minecraft:stone_axe":1,"minecraft:enchanted_book":22,"minecraft:bread":99,"minecraft:air":0,"minecraft:oak_boat":1,"minecraft:wooden_axe":1,"minecraft:iron_shovel":7,"minecraft:iron_leggings":1,"minecraft:anvil":1,"minecraft:white_bed":14,"minecraft:torch":36,"minecraft:diamond_chestplate":1},"minecraft:dropped":{"minecraft:birch_planks":3,"minecraft:brown_mushroom":1,"minecraft:porkchop":6,"minecraft:lapis_lazuli":7,"minecraft:glow_ink_sac":6,"minecraft:glass_bottle":1,"minecraft:diamond":7,"minecraft:rail":4,"minecraft:red_mushroom":1,"minecraft:flint":1,"minecraft:cobblestone_stairs":1,"minecraft:cracked_polished_blackstone_bricks":7,"minecraft:dirt":817,"minecraft:snowball":301,"minecraft:gold_nugget":1,"minecraft:polished_blackstone_bricks":43,"minecraft:iron_pickaxe":3,"minecraft:white_wool":12,"minecraft:bone":1,"minecraft:cauldron":8,"minecraft:gold_ingot":28,"minecraft:oak_door":1,"minecraft:gravel":70,"minecraft:stone_axe":1,"minecraft:blackstone":153,"minecraft:sugar_cane":15,"minecraft:ancient_debris":32,"minecraft:cobbled_deepslate":22,"minecraft:wheat":4,"minecraft:rotten_flesh":66,"minecraft:oak_planks":3,"minecraft:carrot":431,"minecraft:poppy":1,"minecraft:melon_seeds":4,"minecraft:ladder":2,"minecraft:arrow":29,"minecraft:quartz":6,"minecraft:netherrack":1589,"minecraft:egg":3,"minecraft:water_bucket":1,"minecraft:stone_hoe":1,"minecraft:stripped_spruce_log":3,"minecraft:oak_slab":20,"minecraft:wheat_seeds":23,"minecraft:iron_helmet":3,"minecraft:oak_fence":9,"minecraft:feather":1,"minecraft:cobblestone":155,"minecraft:book":1,"minecraft:granite":18,"minecraft:grass_block":1,"minecraft:stick":28,"minecraft:diorite":2,"minecraft:brewing_stand":1,"minecraft:torch":1,"minecraft:wooden_axe":2,"minecraft:diamond_helmet":2,"minecraft:iron_leggings":4,"minecraft:oak_stairs":3,"minecraft:stonecutter":2,"minecraft:iron_axe":2,"minecraft:iron_shovel":2,"minecraft:string":3,"minecraft:spruce_sapling":3,"minecraft:dandelion":10,"minecraft:redstone":46,"minecraft:raw_copper":36,"minecraft:chicken":2,"minecraft:light_gray_wool":1,"minecraft:iron_boots":4,"minecraft:potato":231,"minecraft:spruce_planks":123,"minecraft:iron_chestplate":4,"minecraft:diamond_pickaxe":1,"minecraft:andesite":27,"minecraft:oak_sapling":1,"minecraft:spider_eye":2,"minecraft:bow":1,"minecraft:stone_pickaxe":5,"minecraft:wooden_pickaxe":1,"minecraft:magma_block":4},"minecraft:killed":{"minecraft:cave_spider":6,"minecraft:witch":1,"minecraft:spider":8,"minecraft:skeleton":34,"minecraft:chicken":2,"minecraft:piglin_brute":2,"minecraft:piglin":24,"minecraft:pig":15,"minecraft:zombie_villager":3,"minecraft:creeper":3,"minecraft:sheep":27,"minecraft:pillager":48,"minecraft:zombie":49,"minecraft:stray":4,"minecraft:ghast":1,"minecraft:cow":32,"minecraft:vindicator":7,"minecraft:horse":1,"minecraft:ravager":3,"minecraft:hoglin":4,"minecraft:enderman":4}},"DataVersion":3465}