{"stats":{"minecraft:dropped":{"minecraft:lapis_lazuli":7,"minecraft:glow_ink_sac":6,"minecraft:glass_bottle":1,"minecraft:diamond":7,"minecraft:rail":4,"minecraft:flint":1,"minecraft:cobblestone_stairs":1,"minecraft:dirt":802,"minecraft:snowball":301,"minecraft:iron_pickaxe":3,"minecraft:white_wool":12,"minecraft:gold_ingot":28,"minecraft:cauldron":8,"minecraft:bone":1,"minecraft:oak_door":1,"minecraft:gravel":6,"minecraft:stone_axe":1,"minecraft:sugar_cane":15,"minecraft:cobbled_deepslate":22,"minecraft:wheat":4,"minecraft:rotten_flesh":60,"minecraft:oak_planks":3,"minecraft:carrot":79,"minecraft:poppy":1,"minecraft:melon_seeds":4,"minecraft:ladder":2,"minecraft:arrow":29,"minecraft:egg":2,"minecraft:stone_hoe":1,"minecraft:water_bucket":1,"minecraft:oak_slab":20,"minecraft:wheat_seeds":18,"minecraft:feather":1,"minecraft:oak_fence":9,"minecraft:iron_helmet":3,"minecraft:cobblestone":146,"minecraft:book":1,"minecraft:stick":23,"minecraft:diorite":2,"minecraft:brewing_stand":1,"minecraft:wooden_axe":2,"minecraft:diamond_helmet":2,"minecraft:iron_leggings":4,"minecraft:oak_stairs":3,"minecraft:stonecutter":2,"minecraft:iron_axe":2,"minecraft:iron_shovel":1,"minecraft:string":2,"minecraft:spruce_sapling":2,"minecraft:dandelion":10,"minecraft:redstone":46,"minecraft:raw_copper":10,"minecraft:chicken":2,"minecraft:light_gray_wool":1,"minecraft:iron_boots":4,"minecraft:potato":231,"minecraft:spruce_planks":23,"minecraft:iron_chestplate":4,"minecraft:diamond_pickaxe":1,"minecraft:andesite":18,"minecraft:oak_sapling":1,"minecraft:spider_eye":2,"minecraft:stone_pickaxe":5,"minecraft:wooden_pickaxe":1},"minecraft:mined":{"minecraft:white_bed":15,"minecraft:farmland":2,"minecraft:cobblestone_stairs":1,"minecraft:brewing_stand":2,"minecraft:obsidian":6,"minecraft:spruce_trapdoor":5,"minecraft:budding_amethyst":1,"minecraft:grass_block":355,"minecraft:composter":2,"minecraft:spawner":2,"minecraft:iron_ore":92,"minecraft:fletching_table":10,"minecraft:deepslate_lapis_ore":12,"minecraft:water_cauldron":4,"minecraft:dirt_path":46,"minecraft:oak_stairs":4,"minecraft:spruce_slab":2,"minecraft:deepslate_redstone_ore":7,"minecraft:red_bed":1,"minecraft:smoker":2,"minecraft:torch":7,"minecraft:calcite":2,"minecraft:poppy":2,"minecraft:chest":4,"minecraft:cobblestone":25,"minecraft:sugar_cane":31,"minecraft:oak_planks":16,"minecraft:wall_torch":33,"minecraft:wheat":8,"minecraft:stripped_oak_wood":1,"minecraft:grass":181,"minecraft:oak_log":240,"minecraft:dirt":858,"minecraft:stonecutter":3,"minecraft:oak_leaves":4,"minecraft:deepslate":175,"minecraft:diamond_ore":3,"minecraft:tuff":27,"minecraft:deepslate_diamond_ore":34,"minecraft:ladder":9,"minecraft:spruce_leaves":158,"minecraft:cartography_table":1,"minecraft:large_fern":11,"minecraft:hay_block":33,"minecraft:redstone_ore":3,"minecraft:oak_trapdoor":5,"minecraft:furnace":39,"minecraft:carrots":136,"minecraft:snow":126,"minecraft:andesite":16,"minecraft:bell":2,"minecraft:bookshelf":5,"minecraft:potatoes":122,"minecraft:deepslate_iron_ore":86,"minecraft:stripped_oak_log":32,"minecraft:stone":538,"minecraft:white_wool":1,"minecraft:oak_slab":15,"minecraft:snow_block":4,"minecraft:dandelion":4,"minecraft:oak_fence":3,"minecraft:crafting_table":19,"minecraft:lectern":539,"minecraft:tall_grass":27,"minecraft:copper_ore":1,"minecraft:deepslate_gold_ore":24,"minecraft:diorite":12,"minecraft:blue_bed":4,"minecraft:stripped_spruce_wood":4,"minecraft:ice":10,"minecraft:spruce_log":789,"minecraft:yellow_bed":8,"minecraft:coal_ore":57,"minecraft:gravel":140,"minecraft:chipped_anvil":1},"minecraft:killed_by":{"minecraft:skeleton":1},"minecraft:custom":{"minecraft:interact_with_crafting_table":103,"minecraft:bell_ring":69,"minecraft:leave_game":5,"minecraft:time_since_death":208003,"minecraft:sprint_one_cm":1530301,"minecraft:damage_blocked_by_shield":980,"minecraft:drop":196,"minecraft:talked_to_villager":740,"minecraft:play_time":432067,"minecraft:deaths":3,"minecraft:jump":9783,"minecraft:walk_on_water_one_cm":58291,"minecraft:interact_with_furnace":91,"minecraft:traded_with_villager":207,"minecraft:sleep_in_bed":9,"minecraft:damage_dealt":24252,"minecraft:crouch_one_cm":65050,"minecraft:interact_with_smoker":1,"minecraft:interact_with_anvil":8,"minecraft:mob_kills":162,"minecraft:climb_one_cm":15512,"minecraft:walk_one_cm":1004044,"minecraft:sneak_time":13773,"minecraft:walk_under_water_one_cm":42095,"minecraft:boat_one_cm":112635,"minecraft:total_world_time":432067,"minecraft:time_since_rest":69633,"minecraft:damage_taken":3543,"minecraft:swim_one_cm":206752,"minecraft:fly_one_cm":2391957,"minecraft:open_chest":233,"minecraft:fall_one_cm":293194},"minecraft:picked_up":{"minecraft:wooden_axe":1,"minecraft:iron_chestplate":5,"minecraft:wheat":3,"minecraft:oak_stairs":6,"minecraft:enchanted_book":3,"minecraft:brewing_stand":2,"minecraft:string":32,"minecraft:raw_copper":20,"minecraft:iron_leggings":5,"minecraft:cobbled_deepslate":46,"minecraft:bucket":4,"minecraft:spruce_planks":16,"minecraft:calcite":4,"minecraft:iron_pickaxe":3,"minecraft:furnace":40,"minecraft:iron_boots":5,"minecraft:stick":155,"minecraft:composter":3,"minecraft:oak_fence":9,"minecraft:torch":78,"minecraft:porkchop":36,"minecraft:diorite":12,"minecraft:cauldron":8,"minecraft:rotten_flesh":55,"minecraft:obsidian":10,"minecraft:snowball":345,"minecraft:cobblestone":989,"minecraft:feather":3,"minecraft:cooked_beef":24,"minecraft:water_bucket":1,"minecraft:andesite":38,"minecraft:smoker":1,"minecraft:potato":349,"minecraft:flint":9,"minecraft:tuff":24,"minecraft:stripped_spruce_wood":4,"minecraft:lapis_lazuli":205,"minecraft:dirt":1794,"minecraft:name_tag":2,"minecraft:bone":30,"minecraft:chipped_anvil":1,"minecraft:stonecutter":5,"minecraft:bow":1,"minecraft:wheat_seeds":56,"minecraft:raw_gold":48,"minecraft:bell":2,"minecraft:fletching_table":10,"minecraft:diamond_helmet":3,"minecraft:oak_planks":18,"minecraft:cooked_porkchop":27,"minecraft:music_disc_13":2,"minecraft:iron_hoe":1,"minecraft:diamond":66,"minecraft:golden_apple":2,"minecraft:bread":46,"minecraft:emerald":35,"minecraft:oak_sapling":1,"minecraft:diamond_pickaxe":2,"minecraft:crafting_table":20,"minecraft:chicken":3,"minecraft:ladder":11,"minecraft:shield":2,"minecraft:oak_trapdoor":5,"minecraft:red_bed":1,"minecraft:iron_axe":5,"minecraft:iron_shovel":2,"minecraft:beef":108,"minecraft:oak_boat":5,"minecraft:poppy":4,"minecraft:spruce_slab":12,"minecraft:light_gray_wool":1,"minecraft:lectern":542,"minecraft:sugar_cane":89,"minecraft:chest":3,"minecraft:spruce_trapdoor":6,"minecraft:egg":2,"minecraft:raw_iron":249,"minecraft:oak_door":1,"minecraft:carrot":430,"minecraft:redstone":171,"minecraft:arrow":90,"minecraft:hay_block":33,"minecraft:gold_ingot":60,"minecraft:mutton":65,"minecraft:white_wool":75,"minecraft:rail":3,"minecraft:stripped_oak_log":31,"minecraft:glow_ink_sac":6,"minecraft:leather":76,"minecraft:oak_log":238,"minecraft:yellow_bed":8,"minecraft:gunpowder":12,"minecraft:cobblestone_stairs":1,"minecraft:blue_bed":4,"minecraft:paper":12,"minecraft:cooked_mutton":34,"minecraft:iron_ingot":69,"minecraft:stone_pickaxe":3,"minecraft:stripped_oak_wood":1,"minecraft:glass_bottle":1,"minecraft:book":16,"minecraft:oak_slab":29,"minecraft:dandelion":11,"minecraft:gravel":161,"minecraft:spruce_sapling":37,"minecraft:white_bed":15,"minecraft:spruce_log":754,"minecraft:spider_eye":7,"minecraft:iron_helmet":4,"minecraft:melon_seeds":4,"minecraft:coal":206},"minecraft:crafted":{"minecraft:oak_planks":1040,"minecraft:diamond_shovel":1,"minecraft:bookshelf":5,"minecraft:cooked_mutton":34,"minecraft:diamond_helmet":2,"minecraft:diamond_leggings":1,"minecraft:iron_boots":1,"minecraft:chest":7,"minecraft:stone_hoe":1,"minecraft:oak_slab":36,"minecraft:emerald":200,"minecraft:cooked_porkchop":8,"minecraft:diamond_axe":1,"minecraft:crafting_table":4,"minecraft:spruce_planks":2572,"minecraft:wooden_pickaxe":1,"minecraft:iron_helmet":1,"minecraft:fletching_table":4,"minecraft:spruce_trapdoor":10,"minecraft:lectern":4,"minecraft:book":4,"minecraft:iron_chestplate":1,"minecraft:paper":12,"minecraft:diamond_pickaxe":1,"minecraft:shield":1,"minecraft:stick":6440,"minecraft:iron_ingot":147,"minecraft:iron_pickaxe":5,"minecraft:iron_block":3,"minecraft:gold_ingot":24,"minecraft:furnace":4,"minecraft:bone_meal":66,"minecraft:oak_trapdoor":2,"minecraft:iron_axe":10,"minecraft:ladder":6,"minecraft:spruce_slab":12,"minecraft:iron_hoe":1,"minecraft:stone_pickaxe":2,"minecraft:diamond_boots":1,"minecraft:wheat":297,"minecraft:cooked_beef":36,"minecraft:diamond_sword":1,"minecraft:bucket":4,"minecraft:stone_axe":1,"minecraft:enchanted_book":6,"minecraft:bread":99,"minecraft:air":0,"minecraft:oak_boat":1,"minecraft:wooden_axe":1,"minecraft:iron_shovel":6,"minecraft:iron_leggings":1,"minecraft:anvil":1,"minecraft:white_bed":8,"minecraft:torch":36,"minecraft:diamond_chestplate":1},"minecraft:broken":{"minecraft:iron_shovel":5,"minecraft:iron_axe":7,"minecraft:iron_pickaxe":3},"minecraft:used":{"minecraft:iron_shovel":1450,"minecraft:spruce_slab":2,"minecraft:poppy":1,"minecraft:ladder":13,"minecraft:chest":10,"minecraft:shield":32,"minecraft:bell":2,"minecraft:iron_chestplate":1,"minecraft:mutton":10,"minecraft:carrot":323,"minecraft:tuff":24,"minecraft:lava_bucket":4,"minecraft:iron_helmet":1,"minecraft:furnace":35,"minecraft:potato":104,"minecraft:diorite":10,"minecraft:diamond_boots":2,"minecraft:oak_planks":174,"minecraft:stone_pickaxe":135,"minecraft:wooden_pickaxe":11,"minecraft:composter":1,"minecraft:diamond_axe":46,"minecraft:sugar_cane":38,"minecraft:blue_bed":4,"minecraft:bread":99,"minecraft:lectern":541,"minecraft:gravel":121,"minecraft:andesite":1,"minecraft:oak_boat":4,"minecraft:bone_meal":66,"minecraft:oak_trapdoor":5,"minecraft:stone_hoe":73,"minecraft:torch":103,"minecraft:brewing_stand":1,"minecraft:dirt":631,"minecraft:anvil":1,"minecraft:iron_hoe":236,"minecraft:wooden_axe":25,"minecraft:chipped_anvil":1,"minecraft:bookshelf":1,"minecraft:iron_axe":1980,"minecraft:oak_stairs":3,"minecraft:iron_boots":2,"minecraft:cooked_beef":8,"minecraft:cobbled_deepslate":12,"minecraft:iron_leggings":2,"minecraft:wheat_seeds":15,"minecraft:cooked_mutton":1,"minecraft:water_bucket":90,"minecraft:fletching_table":13,"minecraft:stonecutter":2,"minecraft:oak_slab":23,"minecraft:crafting_table":22,"minecraft:red_bed":1,"minecraft:white_bed":23,"minecraft:spruce_log":29,"minecraft:diamond_pickaxe":8,"minecraft:iron_pickaxe":1051,"minecraft:spruce_trapdoor":15,"minecraft:stone_axe":64,"minecraft:cobblestone":110,"minecraft:cooked_porkchop":3,"minecraft:porkchop":1,"minecraft:bucket":97,"minecraft:yellow_bed":8,"minecraft:dandelion":1,"minecraft:diamond_leggings":1},"minecraft:killed":{"minecraft:cave_spider":6,"minecraft:witch":1,"minecraft:spider":7,"minecraft:skeleton":28,"minecraft:chicken":2,"minecraft:pig":14,"minecraft:zombie_villager":1,"minecraft:creeper":3,"minecraft:sheep":27,"minecraft:zombie":37,"minecraft:stray":2,"minecraft:cow":30,"minecraft:enderman":1}},"DataVersion":3465}