{"stats":{"minecraft:dropped":{"minecraft:lapis_lazuli":7,"minecraft:glow_ink_sac":6,"minecraft:glass_bottle":1,"minecraft:diamond":7,"minecraft:rail":4,"minecraft:flint":1,"minecraft:cobblestone_stairs":1,"minecraft:dirt":802,"minecraft:snowball":301,"minecraft:iron_pickaxe":1,"minecraft:white_wool":9,"minecraft:gold_ingot":28,"minecraft:cauldron":8,"minecraft:bone":1,"minecraft:oak_door":1,"minecraft:gravel":6,"minecraft:stone_axe":1,"minecraft:sugar_cane":15,"minecraft:cobbled_deepslate":22,"minecraft:wheat":4,"minecraft:rotten_flesh":60,"minecraft:oak_planks":3,"minecraft:poppy":1,"minecraft:melon_seeds":4,"minecraft:ladder":2,"minecraft:arrow":29,"minecraft:egg":2,"minecraft:stone_hoe":1,"minecraft:water_bucket":1,"minecraft:oak_slab":20,"minecraft:wheat_seeds":18,"minecraft:feather":1,"minecraft:oak_fence":9,"minecraft:iron_helmet":3,"minecraft:cobblestone":146,"minecraft:book":1,"minecraft:stick":23,"minecraft:diorite":2,"minecraft:brewing_stand":1,"minecraft:wooden_axe":2,"minecraft:diamond_helmet":2,"minecraft:iron_leggings":4,"minecraft:oak_stairs":3,"minecraft:stonecutter":2,"minecraft:iron_shovel":1,"minecraft:string":2,"minecraft:spruce_sapling":1,"minecraft:dandelion":10,"minecraft:redstone":46,"minecraft:raw_copper":10,"minecraft:chicken":2,"minecraft:light_gray_wool":1,"minecraft:iron_boots":4,"minecraft:spruce_planks":8,"minecraft:iron_chestplate":4,"minecraft:diamond_pickaxe":1,"minecraft:andesite":18,"minecraft:oak_sapling":1,"minecraft:spider_eye":2,"minecraft:stone_pickaxe":5,"minecraft:wooden_pickaxe":1},"minecraft:mined":{"minecraft:white_bed":10,"minecraft:farmland":2,"minecraft:cobblestone_stairs":1,"minecraft:brewing_stand":2,"minecraft:obsidian":6,"minecraft:spruce_trapdoor":4,"minecraft:budding_amethyst":1,"minecraft:grass_block":354,"minecraft:composter":2,"minecraft:spawner":2,"minecraft:iron_ore":92,"minecraft:fletching_table":10,"minecraft:deepslate_lapis_ore":12,"minecraft:water_cauldron":4,"minecraft:dirt_path":46,"minecraft:oak_stairs":4,"minecraft:spruce_slab":1,"minecraft:deepslate_redstone_ore":7,"minecraft:red_bed":1,"minecraft:smoker":2,"minecraft:torch":7,"minecraft:calcite":2,"minecraft:poppy":2,"minecraft:chest":4,"minecraft:cobblestone":25,"minecraft:sugar_cane":31,"minecraft:oak_planks":16,"minecraft:wall_torch":33,"minecraft:wheat":8,"minecraft:stripped_oak_wood":1,"minecraft:grass":163,"minecraft:oak_log":240,"minecraft:dirt":834,"minecraft:stonecutter":3,"minecraft:oak_leaves":4,"minecraft:deepslate":175,"minecraft:diamond_ore":3,"minecraft:tuff":27,"minecraft:deepslate_diamond_ore":34,"minecraft:ladder":9,"minecraft:spruce_leaves":154,"minecraft:cartography_table":1,"minecraft:large_fern":11,"minecraft:hay_block":33,"minecraft:redstone_ore":3,"minecraft:oak_trapdoor":5,"minecraft:furnace":39,"minecraft:carrots":63,"minecraft:snow":126,"minecraft:andesite":16,"minecraft:bell":2,"minecraft:bookshelf":4,"minecraft:potatoes":46,"minecraft:deepslate_iron_ore":86,"minecraft:stripped_oak_log":32,"minecraft:stone":536,"minecraft:white_wool":1,"minecraft:oak_slab":14,"minecraft:snow_block":4,"minecraft:dandelion":4,"minecraft:oak_fence":3,"minecraft:crafting_table":18,"minecraft:lectern":128,"minecraft:tall_grass":27,"minecraft:copper_ore":1,"minecraft:deepslate_gold_ore":24,"minecraft:diorite":12,"minecraft:blue_bed":4,"minecraft:stripped_spruce_wood":4,"minecraft:ice":10,"minecraft:spruce_log":762,"minecraft:yellow_bed":8,"minecraft:coal_ore":57,"minecraft:gravel":140},"minecraft:killed_by":{"minecraft:skeleton":1},"minecraft:custom":{"minecraft:interact_with_crafting_table":89,"minecraft:bell_ring":42,"minecraft:leave_game":4,"minecraft:time_since_death":138006,"minecraft:sprint_one_cm":1410859,"minecraft:damage_blocked_by_shield":980,"minecraft:drop":178,"minecraft:talked_to_villager":256,"minecraft:play_time":362070,"minecraft:deaths":3,"minecraft:jump":9185,"minecraft:walk_on_water_one_cm":55807,"minecraft:interact_with_furnace":87,"minecraft:traded_with_villager":193,"minecraft:sleep_in_bed":8,"minecraft:damage_dealt":24252,"minecraft:crouch_one_cm":43058,"minecraft:interact_with_smoker":1,"minecraft:mob_kills":162,"minecraft:climb_one_cm":15013,"minecraft:walk_one_cm":884789,"minecraft:sneak_time":11966,"minecraft:walk_under_water_one_cm":41822,"minecraft:boat_one_cm":112635,"minecraft:total_world_time":362070,"minecraft:time_since_rest":16709,"minecraft:damage_taken":3485,"minecraft:swim_one_cm":179121,"minecraft:fly_one_cm":2185959,"minecraft:open_chest":155,"minecraft:fall_one_cm":277937},"minecraft:picked_up":{"minecraft:wooden_axe":1,"minecraft:iron_chestplate":5,"minecraft:wheat":3,"minecraft:oak_stairs":6,"minecraft:enchanted_book":3,"minecraft:brewing_stand":2,"minecraft:string":32,"minecraft:raw_copper":20,"minecraft:iron_leggings":5,"minecraft:cobbled_deepslate":46,"minecraft:bucket":4,"minecraft:spruce_planks":1,"minecraft:calcite":4,"minecraft:iron_pickaxe":2,"minecraft:furnace":40,"minecraft:iron_boots":5,"minecraft:stick":155,"minecraft:composter":3,"minecraft:oak_fence":9,"minecraft:torch":78,"minecraft:porkchop":36,"minecraft:diorite":12,"minecraft:cauldron":8,"minecraft:rotten_flesh":55,"minecraft:obsidian":10,"minecraft:snowball":345,"minecraft:cobblestone":987,"minecraft:feather":3,"minecraft:cooked_beef":24,"minecraft:water_bucket":1,"minecraft:andesite":38,"minecraft:smoker":1,"minecraft:potato":89,"minecraft:flint":9,"minecraft:tuff":24,"minecraft:stripped_spruce_wood":4,"minecraft:lapis_lazuli":205,"minecraft:dirt":1769,"minecraft:name_tag":2,"minecraft:bone":30,"minecraft:stonecutter":5,"minecraft:bow":1,"minecraft:wheat_seeds":56,"minecraft:raw_gold":48,"minecraft:bell":2,"minecraft:fletching_table":10,"minecraft:diamond_helmet":3,"minecraft:oak_planks":18,"minecraft:cooked_porkchop":27,"minecraft:music_disc_13":2,"minecraft:iron_hoe":1,"minecraft:diamond":66,"minecraft:golden_apple":2,"minecraft:bread":46,"minecraft:emerald":35,"minecraft:oak_sapling":1,"minecraft:diamond_pickaxe":2,"minecraft:crafting_table":19,"minecraft:chicken":3,"minecraft:ladder":11,"minecraft:shield":2,"minecraft:oak_trapdoor":5,"minecraft:red_bed":1,"minecraft:iron_axe":4,"minecraft:iron_shovel":2,"minecraft:beef":108,"minecraft:oak_boat":5,"minecraft:poppy":4,"minecraft:spruce_slab":11,"minecraft:light_gray_wool":1,"minecraft:lectern":131,"minecraft:sugar_cane":89,"minecraft:chest":3,"minecraft:spruce_trapdoor":5,"minecraft:egg":2,"minecraft:raw_iron":249,"minecraft:oak_door":1,"minecraft:carrot":173,"minecraft:redstone":171,"minecraft:arrow":90,"minecraft:hay_block":33,"minecraft:gold_ingot":60,"minecraft:mutton":65,"minecraft:white_wool":72,"minecraft:rail":3,"minecraft:stripped_oak_log":31,"minecraft:glow_ink_sac":6,"minecraft:leather":76,"minecraft:oak_log":238,"minecraft:yellow_bed":8,"minecraft:gunpowder":12,"minecraft:cobblestone_stairs":1,"minecraft:blue_bed":4,"minecraft:paper":12,"minecraft:cooked_mutton":34,"minecraft:iron_ingot":69,"minecraft:stone_pickaxe":3,"minecraft:stripped_oak_wood":1,"minecraft:glass_bottle":1,"minecraft:book":13,"minecraft:oak_slab":28,"minecraft:dandelion":11,"minecraft:gravel":161,"minecraft:spruce_sapling":36,"minecraft:white_bed":10,"minecraft:spruce_log":732,"minecraft:spider_eye":7,"minecraft:iron_helmet":4,"minecraft:melon_seeds":4,"minecraft:coal":206},"minecraft:crafted":{"minecraft:oak_planks":1040,"minecraft:bookshelf":4,"minecraft:cooked_mutton":34,"minecraft:diamond_helmet":2,"minecraft:diamond_leggings":1,"minecraft:iron_boots":1,"minecraft:chest":7,"minecraft:stone_hoe":1,"minecraft:oak_slab":36,"minecraft:emerald":191,"minecraft:cooked_porkchop":8,"minecraft:crafting_table":4,"minecraft:spruce_planks":2572,"minecraft:wooden_pickaxe":1,"minecraft:iron_helmet":1,"minecraft:fletching_table":4,"minecraft:spruce_trapdoor":10,"minecraft:lectern":4,"minecraft:book":2,"minecraft:iron_chestplate":1,"minecraft:paper":6,"minecraft:diamond_pickaxe":1,"minecraft:shield":1,"minecraft:stick":6432,"minecraft:iron_ingot":147,"minecraft:iron_pickaxe":5,"minecraft:gold_ingot":24,"minecraft:furnace":4,"minecraft:bone_meal":66,"minecraft:oak_trapdoor":2,"minecraft:iron_axe":9,"minecraft:ladder":6,"minecraft:spruce_slab":12,"minecraft:iron_hoe":1,"minecraft:stone_pickaxe":2,"minecraft:diamond_boots":1,"minecraft:wheat":297,"minecraft:cooked_beef":36,"minecraft:bucket":4,"minecraft:stone_axe":1,"minecraft:enchanted_book":2,"minecraft:bread":99,"minecraft:air":0,"minecraft:oak_boat":1,"minecraft:wooden_axe":1,"minecraft:iron_shovel":6,"minecraft:iron_leggings":1,"minecraft:white_bed":1,"minecraft:torch":36,"minecraft:diamond_chestplate":1},"minecraft:broken":{"minecraft:iron_shovel":5,"minecraft:iron_axe":6,"minecraft:iron_pickaxe":3},"minecraft:used":{"minecraft:iron_shovel":1450,"minecraft:spruce_slab":1,"minecraft:poppy":1,"minecraft:ladder":13,"minecraft:chest":10,"minecraft:shield":32,"minecraft:bell":2,"minecraft:iron_chestplate":1,"minecraft:mutton":10,"minecraft:carrot":191,"minecraft:tuff":24,"minecraft:lava_bucket":3,"minecraft:iron_helmet":1,"minecraft:furnace":35,"minecraft:potato":67,"minecraft:diorite":10,"minecraft:diamond_boots":2,"minecraft:oak_planks":174,"minecraft:stone_pickaxe":135,"minecraft:wooden_pickaxe":11,"minecraft:composter":1,"minecraft:sugar_cane":38,"minecraft:blue_bed":4,"minecraft:bread":99,"minecraft:lectern":129,"minecraft:gravel":121,"minecraft:andesite":1,"minecraft:oak_boat":4,"minecraft:bone_meal":66,"minecraft:oak_trapdoor":5,"minecraft:stone_hoe":73,"minecraft:torch":103,"minecraft:brewing_stand":1,"minecraft:dirt":610,"minecraft:iron_hoe":236,"minecraft:wooden_axe":25,"minecraft:iron_axe":1582,"minecraft:oak_stairs":3,"minecraft:iron_boots":2,"minecraft:cooked_beef":8,"minecraft:cobbled_deepslate":12,"minecraft:iron_leggings":2,"minecraft:wheat_seeds":15,"minecraft:water_bucket":90,"minecraft:fletching_table":13,"minecraft:stonecutter":2,"minecraft:oak_slab":22,"minecraft:crafting_table":20,"minecraft:red_bed":1,"minecraft:white_bed":9,"minecraft:spruce_log":29,"minecraft:diamond_pickaxe":7,"minecraft:iron_pickaxe":1049,"minecraft:spruce_trapdoor":12,"minecraft:stone_axe":64,"minecraft:cobblestone":109,"minecraft:porkchop":1,"minecraft:bucket":96,"minecraft:yellow_bed":8,"minecraft:dandelion":1,"minecraft:diamond_leggings":1},"minecraft:killed":{"minecraft:cave_spider":6,"minecraft:witch":1,"minecraft:spider":7,"minecraft:skeleton":28,"minecraft:chicken":2,"minecraft:pig":14,"minecraft:zombie_villager":1,"minecraft:creeper":3,"minecraft:sheep":27,"minecraft:zombie":37,"minecraft:stray":2,"minecraft:cow":30,"minecraft:enderman":1}},"DataVersion":3465}