{"stats":{"minecraft:dropped":{"minecraft:water_bucket":1,"minecraft:stone_hoe":1,"minecraft:oak_slab":20,"minecraft:wheat_seeds":12,"minecraft:lapis_lazuli":7,"minecraft:glow_ink_sac":1,"minecraft:glass_bottle":1,"minecraft:oak_fence":9,"minecraft:feather":1,"minecraft:cobblestone":13,"minecraft:book":1,"minecraft:stick":23,"minecraft:cobblestone_stairs":1,"minecraft:dirt":734,"minecraft:brewing_stand":1,"minecraft:diorite":1,"minecraft:wooden_axe":2,"minecraft:snowball":295,"minecraft:oak_stairs":3,"minecraft:stonecutter":1,"minecraft:iron_pickaxe":1,"minecraft:iron_shovel":1,"minecraft:string":2,"minecraft:white_wool":9,"minecraft:spruce_sapling":1,"minecraft:cauldron":8,"minecraft:dandelion":10,"minecraft:oak_door":1,"minecraft:gravel":6,"minecraft:stone_axe":1,"minecraft:raw_copper":10,"minecraft:cobbled_deepslate":22,"minecraft:wheat":4,"minecraft:chicken":2,"minecraft:rotten_flesh":47,"minecraft:light_gray_wool":1,"minecraft:oak_planks":3,"minecraft:poppy":1,"minecraft:spruce_planks":8,"minecraft:andesite":10,"minecraft:melon_seeds":4,"minecraft:oak_sapling":1,"minecraft:arrow":2,"minecraft:stone_pickaxe":3,"minecraft:wooden_pickaxe":1,"minecraft:egg":2},"minecraft:mined":{"minecraft:tuff":2,"minecraft:white_bed":8,"minecraft:farmland":2,"minecraft:deepslate_diamond_ore":15,"minecraft:cobblestone_stairs":1,"minecraft:brewing_stand":2,"minecraft:ladder":9,"minecraft:spruce_trapdoor":1,"minecraft:grass_block":342,"minecraft:spruce_leaves":13,"minecraft:composter":2,"minecraft:cartography_table":1,"minecraft:spawner":1,"minecraft:hay_block":33,"minecraft:carrots":18,"minecraft:furnace":6,"minecraft:iron_ore":36,"minecraft:snow":126,"minecraft:andesite":13,"minecraft:fletching_table":5,"minecraft:deepslate_lapis_ore":12,"minecraft:bell":2,"minecraft:bookshelf":4,"minecraft:potatoes":31,"minecraft:dirt_path":43,"minecraft:deepslate_iron_ore":28,"minecraft:water_cauldron":4,"minecraft:oak_stairs":4,"minecraft:stripped_oak_log":32,"minecraft:stone":195,"minecraft:white_wool":1,"minecraft:deepslate_redstone_ore":7,"minecraft:oak_slab":12,"minecraft:red_bed":1,"minecraft:snow_block":4,"minecraft:smoker":1,"minecraft:dandelion":4,"minecraft:oak_fence":3,"minecraft:crafting_table":9,"minecraft:torch":4,"minecraft:poppy":2,"minecraft:chest":2,"minecraft:lectern":123,"minecraft:copper_ore":1,"minecraft:tall_grass":16,"minecraft:cobblestone":21,"minecraft:deepslate_gold_ore":24,"minecraft:sugar_cane":27,"minecraft:oak_planks":16,"minecraft:diorite":1,"minecraft:blue_bed":4,"minecraft:wall_torch":16,"minecraft:stripped_spruce_wood":4,"minecraft:ice":7,"minecraft:wheat":8,"minecraft:spruce_log":113,"minecraft:stripped_oak_wood":1,"minecraft:yellow_bed":8,"minecraft:grass":125,"minecraft:coal_ore":38,"minecraft:oak_log":230,"minecraft:gravel":116,"minecraft:dirt":612,"minecraft:stonecutter":3,"minecraft:oak_leaves":3,"minecraft:deepslate":37},"minecraft:killed_by":{"minecraft:skeleton":1},"minecraft:custom":{"minecraft:mob_kills":94,"minecraft:interact_with_crafting_table":62,"minecraft:bell_ring":42,"minecraft:leave_game":1,"minecraft:time_since_death":163565,"minecraft:climb_one_cm":8082,"minecraft:sprint_one_cm":895506,"minecraft:walk_one_cm":557139,"minecraft:damage_blocked_by_shield":980,"minecraft:drop":124,"minecraft:talked_to_villager":210,"minecraft:play_time":219213,"minecraft:sneak_time":8041,"minecraft:deaths":2,"minecraft:walk_under_water_one_cm":24935,"minecraft:boat_one_cm":112635,"minecraft:jump":5604,"minecraft:walk_on_water_one_cm":21857,"minecraft:total_world_time":219213,"minecraft:interact_with_furnace":33,"minecraft:traded_with_villager":64,"minecraft:sleep_in_bed":6,"minecraft:time_since_rest":15536,"minecraft:damage_taken":2212,"minecraft:damage_dealt":13879,"minecraft:swim_one_cm":75062,"minecraft:fly_one_cm":1329655,"minecraft:open_chest":81,"minecraft:crouch_one_cm":31744,"minecraft:interact_with_smoker":1,"minecraft:fall_one_cm":175395},"minecraft:picked_up":{"minecraft:wooden_axe":1,"minecraft:crafting_table":10,"minecraft:iron_chestplate":1,"minecraft:wheat":3,"minecraft:chicken":3,"minecraft:ladder":9,"minecraft:oak_stairs":6,"minecraft:enchanted_book":1,"minecraft:brewing_stand":2,"minecraft:shield":1,"minecraft:raw_copper":15,"minecraft:string":27,"minecraft:red_bed":1,"minecraft:iron_axe":1,"minecraft:iron_leggings":1,"minecraft:iron_shovel":1,"minecraft:cobbled_deepslate":31,"minecraft:bucket":1,"minecraft:spruce_planks":1,"minecraft:beef":45,"minecraft:oak_boat":4,"minecraft:poppy":3,"minecraft:iron_pickaxe":1,"minecraft:light_gray_wool":1,"minecraft:lectern":123,"minecraft:sugar_cane":48,"minecraft:chest":1,"minecraft:spruce_trapdoor":1,"minecraft:furnace":7,"minecraft:iron_boots":1,"minecraft:egg":2,"minecraft:raw_iron":118,"minecraft:stick":5,"minecraft:oak_door":1,"minecraft:composter":2,"minecraft:oak_fence":9,"minecraft:torch":52,"minecraft:porkchop":25,"minecraft:diorite":1,"minecraft:carrot":48,"minecraft:redstone":66,"minecraft:cauldron":8,"minecraft:arrow":21,"minecraft:rotten_flesh":41,"minecraft:hay_block":33,"minecraft:gold_ingot":4,"minecraft:snowball":317,"minecraft:mutton":38,"minecraft:white_wool":29,"minecraft:cobblestone":223,"minecraft:stripped_oak_log":31,"minecraft:feather":3,"minecraft:glow_ink_sac":1,"minecraft:water_bucket":1,"minecraft:andesite":22,"minecraft:leather":21,"minecraft:potato":38,"minecraft:flint":8,"minecraft:paper":6,"minecraft:stripped_spruce_wood":4,"minecraft:oak_log":218,"minecraft:blue_bed":4,"minecraft:yellow_bed":8,"minecraft:gunpowder":4,"minecraft:cobblestone_stairs":1,"minecraft:lapis_lazuli":141,"minecraft:dirt":1330,"minecraft:name_tag":1,"minecraft:bone":13,"minecraft:bow":1,"minecraft:stonecutter":3,"minecraft:wheat_seeds":40,"minecraft:raw_gold":48,"minecraft:bell":2,"minecraft:stone_pickaxe":2,"minecraft:iron_ingot":68,"minecraft:stripped_oak_wood":1,"minecraft:fletching_table":5,"minecraft:glass_bottle":1,"minecraft:oak_planks":18,"minecraft:book":13,"minecraft:oak_slab":26,"minecraft:cooked_porkchop":4,"minecraft:music_disc_13":1,"minecraft:dandelion":11,"minecraft:gravel":108,"minecraft:spruce_sapling":1,"minecraft:spruce_log":107,"minecraft:white_bed":8,"minecraft:spider_eye":5,"minecraft:diamond":30,"minecraft:iron_helmet":1,"minecraft:golden_apple":1,"minecraft:emerald":29,"minecraft:bread":18,"minecraft:oak_sapling":1,"minecraft:melon_seeds":4,"minecraft:coal":174},"minecraft:crafted":{"minecraft:oak_planks":1000,"minecraft:furnace":3,"minecraft:bone_meal":21,"minecraft:bookshelf":4,"minecraft:cooked_mutton":6,"minecraft:diamond_helmet":1,"minecraft:iron_boots":1,"minecraft:iron_axe":5,"minecraft:spruce_slab":12,"minecraft:ladder":6,"minecraft:iron_hoe":1,"minecraft:stone_pickaxe":1,"minecraft:chest":4,"minecraft:stone_hoe":1,"minecraft:wheat":297,"minecraft:cooked_beef":36,"minecraft:oak_slab":36,"minecraft:emerald":63,"minecraft:cooked_porkchop":8,"minecraft:crafting_table":3,"minecraft:spruce_planks":440,"minecraft:wooden_pickaxe":1,"minecraft:iron_helmet":1,"minecraft:fletching_table":4,"minecraft:bucket":4,"minecraft:enchanted_book":1,"minecraft:stone_axe":1,"minecraft:bread":99,"minecraft:air":0,"minecraft:oak_boat":1,"minecraft:spruce_trapdoor":2,"minecraft:lectern":4,"minecraft:book":2,"minecraft:iron_chestplate":1,"minecraft:paper":6,"minecraft:shield":1,"minecraft:stick":2148,"minecraft:iron_ingot":34,"minecraft:iron_pickaxe":2,"minecraft:wooden_axe":1,"minecraft:iron_shovel":5,"minecraft:iron_leggings":1,"minecraft:white_bed":1,"minecraft:torch":12,"minecraft:diamond_chestplate":1},"minecraft:broken":{"minecraft:iron_shovel":4,"minecraft:iron_axe":2},"minecraft:used":{"minecraft:iron_shovel":1229,"minecraft:spruce_slab":1,"minecraft:ladder":13,"minecraft:poppy":1,"minecraft:chest":4,"minecraft:shield":32,"minecraft:bell":2,"minecraft:stone_hoe":73,"minecraft:iron_chestplate":1,"minecraft:torch":60,"minecraft:brewing_stand":1,"minecraft:dirt":431,"minecraft:carrot":59,"minecraft:iron_hoe":107,"minecraft:wooden_axe":25,"minecraft:iron_axe":681,"minecraft:oak_stairs":3,"minecraft:furnace":9,"minecraft:potato":39,"minecraft:cobbled_deepslate":9,"minecraft:iron_leggings":1,"minecraft:wheat_seeds":15,"minecraft:water_bucket":52,"minecraft:composter":1,"minecraft:stone_pickaxe":121,"minecraft:oak_planks":174,"minecraft:blue_bed":4,"minecraft:wooden_pickaxe":11,"minecraft:sugar_cane":38,"minecraft:stonecutter":1,"minecraft:fletching_table":7,"minecraft:red_bed":1,"minecraft:oak_slab":22,"minecraft:crafting_table":12,"minecraft:white_bed":9,"minecraft:spruce_log":1,"minecraft:bread":71,"minecraft:iron_pickaxe":327,"minecraft:lectern":124,"minecraft:spruce_trapdoor":3,"minecraft:gravel":76,"minecraft:stone_axe":64,"minecraft:cobblestone":35,"minecraft:porkchop":1,"minecraft:bucket":53,"minecraft:andesite":1,"minecraft:yellow_bed":8,"minecraft:oak_boat":4,"minecraft:bone_meal":21,"minecraft:dandelion":1},"minecraft:killed":{"minecraft:cave_spider":4,"minecraft:witch":1,"minecraft:spider":5,"minecraft:skeleton":11,"minecraft:chicken":2,"minecraft:pig":7,"minecraft:creeper":1,"minecraft:sheep":16,"minecraft:zombie":22,"minecraft:stray":2,"minecraft:enderman":1,"minecraft:cow":19}},"DataVersion":3465}