{"stats":{"minecraft:dropped":{"minecraft:stone_hoe":1,"minecraft:water_bucket":1,"minecraft:oak_slab":20,"minecraft:wheat_seeds":15,"minecraft:lapis_lazuli":7,"minecraft:glow_ink_sac":1,"minecraft:glass_bottle":1,"minecraft:feather":1,"minecraft:oak_fence":9,"minecraft:cobblestone":13,"minecraft:book":1,"minecraft:rail":4,"minecraft:cobblestone_stairs":1,"minecraft:stick":23,"minecraft:dirt":734,"minecraft:diorite":1,"minecraft:brewing_stand":1,"minecraft:wooden_axe":2,"minecraft:snowball":295,"minecraft:oak_stairs":3,"minecraft:stonecutter":1,"minecraft:iron_pickaxe":1,"minecraft:iron_shovel":1,"minecraft:string":2,"minecraft:white_wool":9,"minecraft:spruce_sapling":1,"minecraft:dandelion":10,"minecraft:cauldron":8,"minecraft:oak_door":1,"minecraft:gravel":6,"minecraft:stone_axe":1,"minecraft:cobbled_deepslate":22,"minecraft:raw_copper":10,"minecraft:wheat":4,"minecraft:chicken":2,"minecraft:rotten_flesh":49,"minecraft:light_gray_wool":1,"minecraft:oak_planks":3,"minecraft:poppy":1,"minecraft:spruce_planks":8,"minecraft:andesite":10,"minecraft:melon_seeds":4,"minecraft:ladder":2,"minecraft:oak_sapling":1,"minecraft:spider_eye":2,"minecraft:arrow":2,"minecraft:stone_pickaxe":4,"minecraft:wooden_pickaxe":1,"minecraft:egg":2},"minecraft:mined":{"minecraft:tuff":26,"minecraft:white_bed":8,"minecraft:farmland":2,"minecraft:deepslate_diamond_ore":19,"minecraft:cobblestone_stairs":1,"minecraft:brewing_stand":2,"minecraft:budding_amethyst":1,"minecraft:spruce_trapdoor":1,"minecraft:ladder":9,"minecraft:grass_block":346,"minecraft:spruce_leaves":23,"minecraft:composter":2,"minecraft:cartography_table":1,"minecraft:spawner":2,"minecraft:hay_block":33,"minecraft:redstone_ore":3,"minecraft:carrots":19,"minecraft:furnace":7,"minecraft:iron_ore":83,"minecraft:snow":126,"minecraft:andesite":13,"minecraft:deepslate_lapis_ore":12,"minecraft:fletching_table":5,"minecraft:bell":2,"minecraft:bookshelf":4,"minecraft:potatoes":31,"minecraft:dirt_path":43,"minecraft:deepslate_iron_ore":59,"minecraft:water_cauldron":4,"minecraft:oak_stairs":4,"minecraft:stripped_oak_log":32,"minecraft:stone":230,"minecraft:white_wool":1,"minecraft:deepslate_redstone_ore":7,"minecraft:oak_slab":12,"minecraft:red_bed":1,"minecraft:snow_block":4,"minecraft:smoker":1,"minecraft:dandelion":4,"minecraft:oak_fence":3,"minecraft:torch":6,"minecraft:crafting_table":11,"minecraft:calcite":2,"minecraft:poppy":2,"minecraft:chest":2,"minecraft:lectern":123,"minecraft:copper_ore":1,"minecraft:tall_grass":27,"minecraft:cobblestone":21,"minecraft:deepslate_gold_ore":24,"minecraft:oak_planks":16,"minecraft:sugar_cane":27,"minecraft:diorite":1,"minecraft:blue_bed":4,"minecraft:wall_torch":17,"minecraft:stripped_spruce_wood":4,"minecraft:wheat":8,"minecraft:ice":7,"minecraft:spruce_log":113,"minecraft:stripped_oak_wood":1,"minecraft:yellow_bed":8,"minecraft:grass":160,"minecraft:coal_ore":57,"minecraft:oak_log":240,"minecraft:gravel":136,"minecraft:dirt":620,"minecraft:stonecutter":3,"minecraft:oak_leaves":3,"minecraft:deepslate":173},"minecraft:killed_by":{"minecraft:skeleton":1},"minecraft:custom":{"minecraft:mob_kills":135,"minecraft:interact_with_crafting_table":69,"minecraft:bell_ring":42,"minecraft:leave_game":4,"minecraft:time_since_death":35307,"minecraft:climb_one_cm":9122,"minecraft:sprint_one_cm":1081798,"minecraft:walk_one_cm":601514,"minecraft:damage_blocked_by_shield":980,"minecraft:drop":133,"minecraft:talked_to_villager":212,"minecraft:play_time":259371,"minecraft:sneak_time":10054,"minecraft:deaths":3,"minecraft:walk_under_water_one_cm":35271,"minecraft:boat_one_cm":112635,"minecraft:jump":7065,"minecraft:walk_on_water_one_cm":31049,"minecraft:total_world_time":259371,"minecraft:interact_with_furnace":37,"minecraft:traded_with_villager":65,"minecraft:sleep_in_bed":6,"minecraft:time_since_rest":35355,"minecraft:damage_taken":3002,"minecraft:damage_dealt":19570,"minecraft:swim_one_cm":110254,"minecraft:fly_one_cm":1676266,"minecraft:open_chest":84,"minecraft:crouch_one_cm":37244,"minecraft:interact_with_smoker":1,"minecraft:fall_one_cm":230016},"minecraft:picked_up":{"minecraft:wooden_axe":1,"minecraft:iron_chestplate":2,"minecraft:crafting_table":12,"minecraft:wheat":3,"minecraft:chicken":3,"minecraft:ladder":11,"minecraft:oak_stairs":6,"minecraft:enchanted_book":2,"minecraft:brewing_stand":2,"minecraft:shield":1,"minecraft:string":30,"minecraft:red_bed":1,"minecraft:raw_copper":15,"minecraft:iron_axe":2,"minecraft:iron_leggings":2,"minecraft:iron_shovel":2,"minecraft:cobbled_deepslate":38,"minecraft:bucket":4,"minecraft:spruce_planks":1,"minecraft:beef":84,"minecraft:oak_boat":4,"minecraft:calcite":2,"minecraft:poppy":3,"minecraft:iron_pickaxe":2,"minecraft:light_gray_wool":1,"minecraft:lectern":126,"minecraft:sugar_cane":48,"minecraft:chest":1,"minecraft:spruce_trapdoor":1,"minecraft:furnace":8,"minecraft:iron_boots":2,"minecraft:egg":2,"minecraft:raw_iron":213,"minecraft:stick":63,"minecraft:oak_door":1,"minecraft:composter":2,"minecraft:oak_fence":9,"minecraft:torch":55,"minecraft:porkchop":25,"minecraft:diorite":1,"minecraft:carrot":52,"minecraft:redstone":79,"minecraft:cauldron":8,"minecraft:arrow":30,"minecraft:rotten_flesh":46,"minecraft:hay_block":33,"minecraft:gold_ingot":4,"minecraft:rail":3,"minecraft:mutton":61,"minecraft:snowball":317,"minecraft:white_wool":46,"minecraft:cobblestone":258,"minecraft:stripped_oak_log":31,"minecraft:feather":3,"minecraft:glow_ink_sac":3,"minecraft:water_bucket":1,"minecraft:andesite":22,"minecraft:leather":45,"minecraft:tuff":24,"minecraft:potato":38,"minecraft:flint":9,"minecraft:stripped_spruce_wood":4,"minecraft:oak_log":238,"minecraft:yellow_bed":8,"minecraft:gunpowder":8,"minecraft:cobblestone_stairs":1,"minecraft:lapis_lazuli":141,"minecraft:blue_bed":4,"minecraft:dirt":1341,"minecraft:paper":6,"minecraft:name_tag":1,"minecraft:bone":22,"minecraft:bow":1,"minecraft:stonecutter":4,"minecraft:wheat_seeds":44,"minecraft:raw_gold":48,"minecraft:bell":2,"minecraft:iron_ingot":69,"minecraft:stone_pickaxe":3,"minecraft:stripped_oak_wood":1,"minecraft:fletching_table":5,"minecraft:glass_bottle":1,"minecraft:oak_planks":18,"minecraft:book":13,"minecraft:oak_slab":26,"minecraft:cooked_porkchop":4,"minecraft:music_disc_13":1,"minecraft:dandelion":11,"minecraft:gravel":153,"minecraft:spruce_sapling":1,"minecraft:white_bed":8,"minecraft:spruce_log":107,"minecraft:spider_eye":7,"minecraft:iron_hoe":1,"minecraft:diamond":34,"minecraft:iron_helmet":2,"minecraft:golden_apple":1,"minecraft:emerald":29,"minecraft:bread":46,"minecraft:oak_sapling":1,"minecraft:melon_seeds":4,"minecraft:coal":203},"minecraft:crafted":{"minecraft:oak_planks":1040,"minecraft:furnace":4,"minecraft:bone_meal":21,"minecraft:bookshelf":4,"minecraft:cooked_mutton":6,"minecraft:diamond_helmet":1,"minecraft:iron_boots":1,"minecraft:iron_axe":5,"minecraft:iron_hoe":1,"minecraft:ladder":6,"minecraft:spruce_slab":12,"minecraft:stone_pickaxe":2,"minecraft:chest":4,"minecraft:stone_hoe":1,"minecraft:wheat":297,"minecraft:cooked_beef":36,"minecraft:oak_slab":36,"minecraft:emerald":63,"minecraft:cooked_porkchop":8,"minecraft:crafting_table":4,"minecraft:spruce_planks":440,"minecraft:iron_helmet":1,"minecraft:wooden_pickaxe":1,"minecraft:fletching_table":4,"minecraft:bucket":4,"minecraft:stone_axe":1,"minecraft:enchanted_book":2,"minecraft:bread":99,"minecraft:air":0,"minecraft:oak_boat":1,"minecraft:spruce_trapdoor":2,"minecraft:lectern":4,"minecraft:iron_chestplate":1,"minecraft:book":2,"minecraft:paper":6,"minecraft:shield":1,"minecraft:stick":2148,"minecraft:iron_ingot":52,"minecraft:iron_pickaxe":3,"minecraft:wooden_axe":1,"minecraft:iron_shovel":5,"minecraft:iron_leggings":1,"minecraft:white_bed":1,"minecraft:torch":36,"minecraft:diamond_chestplate":1},"minecraft:broken":{"minecraft:iron_shovel":4,"minecraft:iron_axe":2,"minecraft:iron_pickaxe":1},"minecraft:used":{"minecraft:iron_shovel":1254,"minecraft:spruce_slab":1,"minecraft:ladder":13,"minecraft:poppy":1,"minecraft:chest":4,"minecraft:shield":32,"minecraft:bell":2,"minecraft:stone_hoe":73,"minecraft:iron_chestplate":1,"minecraft:torch":71,"minecraft:brewing_stand":1,"minecraft:dirt":442,"minecraft:carrot":63,"minecraft:tuff":22,"minecraft:iron_hoe":110,"minecraft:wooden_axe":25,"minecraft:iron_axe":766,"minecraft:oak_stairs":3,"minecraft:iron_helmet":1,"minecraft:iron_boots":1,"minecraft:furnace":10,"minecraft:potato":39,"minecraft:cobbled_deepslate":12,"minecraft:iron_leggings":2,"minecraft:wheat_seeds":15,"minecraft:water_bucket":56,"minecraft:oak_planks":174,"minecraft:sugar_cane":38,"minecraft:stone_pickaxe":135,"minecraft:blue_bed":4,"minecraft:wooden_pickaxe":11,"minecraft:composter":1,"minecraft:fletching_table":7,"minecraft:stonecutter":1,"minecraft:oak_slab":22,"minecraft:red_bed":1,"minecraft:crafting_table":14,"minecraft:white_bed":9,"minecraft:spruce_log":1,"minecraft:bread":90,"minecraft:iron_pickaxe":624,"minecraft:spruce_trapdoor":3,"minecraft:lectern":124,"minecraft:gravel":81,"minecraft:stone_axe":64,"minecraft:cobblestone":46,"minecraft:porkchop":1,"minecraft:andesite":1,"minecraft:bucket":58,"minecraft:yellow_bed":8,"minecraft:oak_boat":4,"minecraft:dandelion":1,"minecraft:bone_meal":21},"minecraft:killed":{"minecraft:cave_spider":6,"minecraft:witch":1,"minecraft:spider":6,"minecraft:skeleton":20,"minecraft:chicken":2,"minecraft:pig":7,"minecraft:creeper":3,"minecraft:sheep":25,"minecraft:zombie":29,"minecraft:stray":2,"minecraft:enderman":1,"minecraft:cow":30}},"DataVersion":3465}