{"stats":{"minecraft:mined":{"minecraft:spruce_planks":30,"minecraft:white_bed":93,"minecraft:farmland":38,"minecraft:cobblestone_stairs":1,"minecraft:brewing_stand":2,"minecraft:obsidian":21,"minecraft:spruce_trapdoor":13,"minecraft:granite":21,"minecraft:budding_amethyst":1,"minecraft:chiseled_polished_blackstone":1,"minecraft:grass_block":504,"minecraft:cracked_polished_blackstone_bricks":14,"minecraft:crimson_fungus":1,"minecraft:composter":2,"minecraft:nether_wart":7,"minecraft:gilded_blackstone":1,"minecraft:spawner":2,"minecraft:polished_blackstone_bricks":65,"minecraft:weeping_vines_plant":1,"minecraft:magma_block":11,"minecraft:iron_ore":114,"minecraft:cobbled_deepslate":8,"minecraft:fire":61,"minecraft:anvil":5,"minecraft:deepslate_lapis_ore":12,"minecraft:fletching_table":10,"minecraft:nether_brick_stairs":1,"minecraft:twisting_vines":2,"minecraft:water_cauldron":4,"minecraft:dirt_path":69,"minecraft:oak_stairs":4,"minecraft:spruce_slab":15,"minecraft:deepslate_redstone_ore":22,"minecraft:twisting_vines_plant":1,"minecraft:red_bed":6,"minecraft:blackstone":384,"minecraft:crimson_nylium":11,"minecraft:smoker":2,"minecraft:soul_fire":7,"minecraft:torch":25,"minecraft:calcite":2,"minecraft:poppy":3,"minecraft:chest":7,"minecraft:nether_quartz_ore":2435,"minecraft:cobblestone":31,"minecraft:damaged_anvil":1,"minecraft:oak_planks":16,"minecraft:sugar_cane":33,"minecraft:wall_torch":46,"minecraft:warped_nylium":18,"minecraft:birch_log":8,"minecraft:wheat":8,"minecraft:stripped_oak_wood":1,"minecraft:grass":194,"minecraft:oak_log":240,"minecraft:dirt":1973,"minecraft:smooth_basalt":1,"minecraft:stonecutter":3,"minecraft:netherrack":22368,"minecraft:ancient_debris":41,"minecraft:oak_leaves":11,"minecraft:deepslate":2125,"minecraft:nether_gold_ore":35,"minecraft:diamond_ore":3,"minecraft:tuff":222,"minecraft:deepslate_diamond_ore":67,"minecraft:nether_bricks":3,"minecraft:ladder":9,"minecraft:spruce_fence":10,"minecraft:crimson_roots":9,"minecraft:spruce_leaves":429,"minecraft:cartography_table":1,"minecraft:large_fern":22,"minecraft:hay_block":33,"minecraft:redstone_ore":3,"minecraft:oak_trapdoor":5,"minecraft:furnace":40,"minecraft:carrots":644,"minecraft:nether_sprouts":2,"minecraft:polished_basalt":4,"minecraft:snow":129,"minecraft:andesite":91,"minecraft:stripped_spruce_log":221,"minecraft:gold_block":1,"minecraft:bell":2,"minecraft:bookshelf":11,"minecraft:potatoes":122,"minecraft:deepslate_iron_ore":112,"minecraft:stripped_oak_log":32,"minecraft:stone":873,"minecraft:bone_block":110,"minecraft:white_wool":21,"minecraft:smithing_table":3,"minecraft:oak_slab":17,"minecraft:soul_sand":20,"minecraft:snow_block":4,"minecraft:basalt":393,"minecraft:dandelion":4,"minecraft:oak_fence":3,"minecraft:crafting_table":19,"minecraft:warped_roots":1,"minecraft:lectern":1010,"minecraft:copper_ore":5,"minecraft:tall_grass":27,"minecraft:lapis_ore":1,"minecraft:deepslate_gold_ore":98,"minecraft:polished_blackstone_brick_stairs":1,"minecraft:diorite":121,"minecraft:blue_bed":21,"minecraft:spruce_stairs":3,"minecraft:stripped_spruce_wood":68,"minecraft:sweet_berry_bush":7,"minecraft:ice":11,"minecraft:spruce_log":3325,"minecraft:yellow_bed":27,"minecraft:coal_ore":160,"minecraft:gravel":447,"minecraft:spruce_fence_gate":1,"minecraft:chipped_anvil":1,"minecraft:fern":4},"minecraft:used":{"minecraft:iron_shovel":1674,"minecraft:spruce_slab":14,"minecraft:ladder":13,"minecraft:poppy":1,"minecraft:chest":20,"minecraft:shield":32,"minecraft:bell":5,"minecraft:iron_chestplate":1,"minecraft:mutton":10,"minecraft:carrot":1135,"minecraft:tuff":24,"minecraft:obsidian":15,"minecraft:lava_bucket":6,"minecraft:netherite_shovel":477,"minecraft:iron_helmet":1,"minecraft:netherite_boots":1,"minecraft:furnace":36,"minecraft:potato":104,"minecraft:damaged_anvil":1,"minecraft:diorite":12,"minecraft:diamond_boots":2,"minecraft:oak_planks":174,"minecraft:stone_pickaxe":135,"minecraft:blackstone":40,"minecraft:wooden_pickaxe":11,"minecraft:composter":1,"minecraft:sugar_cane":38,"minecraft:blue_bed":20,"minecraft:diamond_axe":2511,"minecraft:netherite_helmet":1,"minecraft:bread":99,"minecraft:lectern":1021,"minecraft:gravel":160,"minecraft:smithing_table":4,"minecraft:andesite":1,"minecraft:oak_boat":4,"minecraft:bone_meal":114,"minecraft:oak_trapdoor":5,"minecraft:netherite_sword":254,"minecraft:flint_and_steel":1,"minecraft:spruce_planks":136,"minecraft:stone_hoe":73,"minecraft:netherrack":1708,"minecraft:torch":180,"minecraft:brewing_stand":1,"minecraft:dirt":1258,"minecraft:anvil":6,"minecraft:ancient_debris":1,"minecraft:diamond_helmet":2,"minecraft:granite":2,"minecraft:spruce_fence":8,"minecraft:iron_hoe":323,"minecraft:wooden_axe":25,"minecraft:chipped_anvil":1,"minecraft:bookshelf":7,"minecraft:iron_axe":1980,"minecraft:oak_stairs":3,"minecraft:iron_boots":2,"minecraft:diamond_chestplate":1,"minecraft:netherite_pickaxe":1859,"minecraft:cooked_beef":57,"minecraft:cobbled_deepslate":136,"minecraft:iron_leggings":2,"minecraft:wheat_seeds":15,"minecraft:cooked_mutton":30,"minecraft:water_bucket":113,"minecraft:birch_boat":6,"minecraft:fletching_table":14,"minecraft:stonecutter":2,"minecraft:spruce_fence_gate":4,"minecraft:oak_slab":25,"minecraft:crafting_table":25,"minecraft:red_bed":6,"minecraft:white_bed":107,"minecraft:spruce_log":146,"minecraft:wooden_hoe":22,"minecraft:diamond_pickaxe":27411,"minecraft:diamond_shovel":960,"minecraft:cracked_polished_blackstone_bricks":2,"minecraft:netherite_axe":1345,"minecraft:iron_pickaxe":1051,"minecraft:spruce_trapdoor":35,"minecraft:spruce_sapling":1,"minecraft:stone_axe":64,"minecraft:cobblestone":110,"minecraft:porkchop":1,"minecraft:cooked_porkchop":14,"minecraft:bucket":122,"minecraft:yellow_bed":27,"minecraft:dandelion":1,"minecraft:diamond_leggings":1},"minecraft:custom":{"minecraft:interact_with_crafting_table":151,"minecraft:bell_ring":211,"minecraft:leave_game":8,"minecraft:time_since_death":824528,"minecraft:sprint_one_cm":3994121,"minecraft:damage_blocked_by_shield":980,"minecraft:drop":358,"minecraft:talked_to_villager":1615,"minecraft:play_time":1048592,"minecraft:deaths":3,"minecraft:jump":22435,"minecraft:walk_on_water_one_cm":70580,"minecraft:interact_with_furnace":144,"minecraft:traded_with_villager":927,"minecraft:sleep_in_bed":24,"minecraft:damage_dealt":76137,"minecraft:crouch_one_cm":176031,"minecraft:interact_with_smoker":1,"minecraft:interact_with_smithing_table":17,"minecraft:interact_with_anvil":50,"minecraft:mob_kills":406,"minecraft:climb_one_cm":32359,"minecraft:walk_one_cm":3082128,"minecraft:raid_win":2,"minecraft:sneak_time":26873,"minecraft:walk_under_water_one_cm":43928,"minecraft:boat_one_cm":181890,"minecraft:total_world_time":1048592,"minecraft:raid_trigger":2,"minecraft:time_since_rest":74126,"minecraft:damage_taken":8364,"minecraft:swim_one_cm":266616,"minecraft:fly_one_cm":4825731,"minecraft:open_chest":669,"minecraft:fall_one_cm":564365},"minecraft:broken":{"minecraft:iron_shovel":6,"minecraft:iron_axe":7,"minecraft:iron_pickaxe":3},"minecraft:picked_up":{"minecraft:wooden_axe":1,"minecraft:iron_chestplate":5,"minecraft:wheat":3,"minecraft:anvil":5,"minecraft:smithing_table":3,"minecraft:oak_stairs":6,"minecraft:enchanted_book":3,"minecraft:brewing_stand":2,"minecraft:golden_sword":2,"minecraft:polished_blackstone_brick_stairs":1,"minecraft:string":36,"minecraft:raw_copper":46,"minecraft:iron_leggings":5,"minecraft:gold_nugget":129,"minecraft:cobbled_deepslate":302,"minecraft:bucket":4,"minecraft:spruce_planks":135,"minecraft:calcite":4,"minecraft:iron_pickaxe":3,"minecraft:furnace":41,"minecraft:iron_boots":5,"minecraft:tipped_arrow":5,"minecraft:stick":204,"minecraft:composter":3,"minecraft:oak_fence":9,"minecraft:torch":132,"minecraft:spruce_stairs":3,"minecraft:porkchop":68,"minecraft:diorite":121,"minecraft:cauldron":8,"minecraft:rotten_flesh":77,"minecraft:blaze_rod":24,"minecraft:obsidian":25,"minecraft:snowball":347,"minecraft:cobblestone":1299,"minecraft:birch_log":8,"minecraft:magma_cream":17,"minecraft:magma_block":8,"minecraft:feather":3,"minecraft:cooked_beef":27,"minecraft:water_bucket":1,"minecraft:andesite":114,"minecraft:smoker":1,"minecraft:potato":349,"minecraft:flint":43,"minecraft:tuff":88,"minecraft:stripped_spruce_wood":67,"minecraft:lapis_lazuli":214,"minecraft:dirt":3125,"minecraft:name_tag":2,"minecraft:bone":50,"minecraft:chipped_anvil":1,"minecraft:stonecutter":5,"minecraft:bow":3,"minecraft:wheat_seeds":75,"minecraft:raw_gold":210,"minecraft:bell":5,"minecraft:netherite_axe":1,"minecraft:fletching_table":10,"minecraft:diamond_helmet":3,"minecraft:oak_planks":18,"minecraft:chiseled_polished_blackstone":1,"minecraft:cooked_porkchop":27,"minecraft:music_disc_13":2,"minecraft:stripped_spruce_log":229,"minecraft:grass_block":1,"minecraft:iron_hoe":1,"minecraft:spruce_fence_gate":1,"minecraft:diamond":144,"minecraft:cracked_polished_blackstone_bricks":10,"minecraft:crossbow":3,"minecraft:granite":21,"minecraft:golden_apple":2,"minecraft:emerald":38,"minecraft:bread":46,"minecraft:oak_sapling":2,"minecraft:netherrack":3507,"minecraft:crimson_roots":13,"minecraft:diamond_pickaxe":2,"minecraft:crafting_table":20,"minecraft:nether_wart":20,"minecraft:chicken":3,"minecraft:ladder":11,"minecraft:brown_mushroom":5,"minecraft:gold_block":1,"minecraft:shield":2,"minecraft:oak_trapdoor":5,"minecraft:red_bed":6,"minecraft:iron_axe":5,"minecraft:iron_shovel":3,"minecraft:blackstone":192,"minecraft:beef":114,"minecraft:oak_boat":5,"minecraft:light_gray_wool":1,"minecraft:poppy":16,"minecraft:spruce_slab":28,"minecraft:lectern":1013,"minecraft:sugar_cane":95,"minecraft:chest":6,"minecraft:spruce_trapdoor":14,"minecraft:egg":5,"minecraft:raw_iron":349,"minecraft:oak_door":1,"minecraft:spruce_fence":10,"minecraft:polished_blackstone_bricks":43,"minecraft:carrot":2844,"minecraft:redstone":210,"minecraft:arrow":114,"minecraft:nether_bricks":1,"minecraft:hay_block":33,"minecraft:saddle":3,"minecraft:gold_ingot":60,"minecraft:bone_block":109,"minecraft:mutton":65,"minecraft:rail":3,"minecraft:white_wool":94,"minecraft:stripped_oak_log":31,"minecraft:glow_ink_sac":6,"minecraft:leather":94,"minecraft:red_mushroom":1,"minecraft:birch_planks":3,"minecraft:crimson_fungus":1,"minecraft:oak_log":238,"minecraft:ancient_debris":73,"minecraft:yellow_bed":27,"minecraft:gunpowder":13,"minecraft:cobblestone_stairs":1,"minecraft:blue_bed":21,"minecraft:paper":12,"minecraft:white_banner":10,"minecraft:cooked_mutton":34,"minecraft:iron_ingot":69,"minecraft:stone_pickaxe":3,"minecraft:stripped_oak_wood":1,"minecraft:glass_bottle":1,"minecraft:soul_sand":19,"minecraft:book":42,"minecraft:oak_slab":31,"minecraft:smooth_basalt":1,"minecraft:birch_boat":6,"minecraft:sweet_berries":2,"minecraft:quartz":3089,"minecraft:dandelion":17,"minecraft:gravel":391,"minecraft:spruce_sapling":107,"minecraft:white_bed":93,"minecraft:spruce_log":3210,"minecraft:spruce_door":5,"minecraft:spider_eye":7,"minecraft:iron_helmet":4,"minecraft:warped_nylium":1,"minecraft:damaged_anvil":1,"minecraft:melon_seeds":4,"minecraft:coal":445,"minecraft:ender_pearl":29},"minecraft:killed_by":{"minecraft:skeleton":1},"minecraft:crafted":{"minecraft:oak_planks":1040,"minecraft:blaze_powder":48,"minecraft:birch_boat":2,"minecraft:birch_slab":6,"minecraft:diamond_shovel":1,"minecraft:bookshelf":18,"minecraft:cooked_mutton":34,"minecraft:quartz_block":704,"minecraft:bow":1,"minecraft:diamond_helmet":2,"minecraft:diamond_leggings":1,"minecraft:iron_boots":1,"minecraft:chest":14,"minecraft:netherite_upgrade_smithing_template":20,"minecraft:stone_hoe":1,"minecraft:oak_slab":36,"minecraft:emerald":883,"minecraft:cooked_porkchop":8,"minecraft:diamond_axe":1,"minecraft:crafting_table":7,"minecraft:spruce_planks":13059,"minecraft:wooden_pickaxe":1,"minecraft:iron_helmet":1,"minecraft:smithing_table":1,"minecraft:fletching_table":5,"minecraft:birch_planks":32,"minecraft:spruce_trapdoor":24,"minecraft:lectern":11,"minecraft:wooden_hoe":1,"minecraft:iron_chestplate":1,"minecraft:book":9,"minecraft:paper":27,"minecraft:diamond_pickaxe":2,"minecraft:shield":1,"minecraft:stick":27180,"minecraft:iron_ingot":256,"minecraft:iron_pickaxe":5,"minecraft:iron_block":10,"minecraft:gold_ingot":196,"minecraft:netherite_ingot":10,"minecraft:spruce_fence_gate":3,"minecraft:diamond_hoe":1,"minecraft:furnace":4,"minecraft:bone_meal":192,"minecraft:spruce_fence":6,"minecraft:oak_trapdoor":2,"minecraft:flint_and_steel":1,"minecraft:iron_axe":10,"minecraft:ladder":6,"minecraft:spruce_slab":42,"minecraft:iron_hoe":2,"minecraft:stone_pickaxe":2,"minecraft:diamond_boots":1,"minecraft:netherite_scrap":40,"minecraft:wheat":297,"minecraft:cooked_beef":36,"minecraft:diamond_sword":1,"minecraft:bucket":4,"minecraft:stone_axe":1,"minecraft:enchanted_book":31,"minecraft:bread":99,"minecraft:air":0,"minecraft:oak_boat":1,"minecraft:wooden_axe":1,"minecraft:iron_shovel":7,"minecraft:iron_leggings":1,"minecraft:anvil":3,"minecraft:white_bed":14,"minecraft:torch":52,"minecraft:diamond_chestplate":1},"minecraft:dropped":{"minecraft:birch_planks":14,"minecraft:brown_mushroom":5,"minecraft:porkchop":6,"minecraft:lapis_lazuli":7,"minecraft:cooked_beef":6,"minecraft:glow_ink_sac":6,"minecraft:glass_bottle":1,"minecraft:diamond":7,"minecraft:rail":4,"minecraft:red_mushroom":1,"minecraft:flint":1,"minecraft:cobblestone_stairs":1,"minecraft:cracked_polished_blackstone_bricks":7,"minecraft:dirt":825,"minecraft:crimson_roots":13,"minecraft:snowball":301,"minecraft:gold_nugget":1,"minecraft:polished_blackstone_bricks":43,"minecraft:iron_pickaxe":3,"minecraft:white_wool":12,"minecraft:gold_ingot":28,"minecraft:cauldron":8,"minecraft:bone":1,"minecraft:oak_door":1,"minecraft:gravel":71,"minecraft:crimson_fungus":1,"minecraft:stone_axe":1,"minecraft:blackstone":153,"minecraft:sugar_cane":15,"minecraft:ancient_debris":32,"minecraft:cobbled_deepslate":27,"minecraft:wheat":4,"minecraft:rotten_flesh":74,"minecraft:oak_planks":3,"minecraft:carrot":431,"minecraft:poppy":1,"minecraft:gunpowder":1,"minecraft:melon_seeds":4,"minecraft:ladder":2,"minecraft:spruce_slab":4,"minecraft:arrow":30,"minecraft:beef":4,"minecraft:quartz":20,"minecraft:netherrack":1590,"minecraft:egg":4,"minecraft:water_bucket":1,"minecraft:stone_hoe":1,"minecraft:stripped_spruce_log":15,"minecraft:oak_slab":20,"minecraft:wheat_seeds":24,"minecraft:netherite_axe":1,"minecraft:iron_helmet":3,"minecraft:oak_fence":9,"minecraft:feather":1,"minecraft:cobblestone":174,"minecraft:book":1,"minecraft:granite":18,"minecraft:coal":4,"minecraft:grass_block":1,"minecraft:stick":39,"minecraft:diorite":3,"minecraft:brewing_stand":1,"minecraft:torch":1,"minecraft:wooden_axe":2,"minecraft:diamond_helmet":2,"minecraft:iron_leggings":4,"minecraft:oak_stairs":3,"minecraft:stonecutter":2,"minecraft:iron_axe":2,"minecraft:iron_shovel":2,"minecraft:string":4,"minecraft:spruce_sapling":3,"minecraft:smooth_basalt":1,"minecraft:dandelion":10,"minecraft:redstone":46,"minecraft:sweet_berries":2,"minecraft:netherite_hoe":1,"minecraft:warped_nylium":1,"minecraft:raw_copper":36,"minecraft:chicken":2,"minecraft:light_gray_wool":1,"minecraft:iron_boots":4,"minecraft:nether_bricks":1,"minecraft:spruce_fence":4,"minecraft:potato":231,"minecraft:spruce_planks":134,"minecraft:iron_chestplate":4,"minecraft:diamond_pickaxe":1,"minecraft:andesite":27,"minecraft:oak_sapling":2,"minecraft:golden_sword":2,"minecraft:spider_eye":2,"minecraft:bow":2,"minecraft:stone_pickaxe":5,"minecraft:wooden_pickaxe":1,"minecraft:magma_block":4},"minecraft:killed":{"minecraft:cave_spider":6,"minecraft:witch":1,"minecraft:spider":10,"minecraft:skeleton":42,"minecraft:chicken":2,"minecraft:piglin_brute":3,"minecraft:magma_cube":27,"minecraft:piglin":53,"minecraft:pig":16,"minecraft:zombie_villager":3,"minecraft:creeper":6,"minecraft:sheep":27,"minecraft:pillager":48,"minecraft:zombie":56,"minecraft:stray":4,"minecraft:ghast":1,"minecraft:blaze":12,"minecraft:cow":33,"minecraft:vindicator":7,"minecraft:horse":4,"minecraft:ravager":3,"minecraft:hoglin":11,"minecraft:wither_skeleton":3,"minecraft:enderman":20}},"DataVersion":3465}